﻿<?xml version="1.0"?>
<doc>
<assembly>
<name>
ProgRND
</name>
</assembly>
<members>
<member name="T:ProgRND.My.Resources.Resources">
<summary>
  A strongly-typed resource class, for looking up localized strings, etc.
</summary>
</member>
<member name="P:ProgRND.My.Resources.Resources.ResourceManager">
<summary>
  Returns the cached ResourceManager instance used by this class.
</summary>
</member>
<member name="P:ProgRND.My.Resources.Resources.Culture">
<summary>
  Overrides the current thread's CurrentUICulture property for all
  resource lookups using this strongly typed resource class.
</summary>
</member>
<member name="P:ProgRND.My.Resources.Resources._3d_hygge_isometric_view_of_colleagues_working_and_talking_in_the_office">
<summary>
  Looks up a localized resource of type System.Drawing.Bitmap.
</summary>
</member>
<member name="P:ProgRND.My.Resources.Resources.alert">
<summary>
  Looks up a localized resource of type System.Drawing.Bitmap.
</summary>
</member>
<member name="P:ProgRND.My.Resources.Resources.alert1">
<summary>
  Looks up a localized resource of type System.Drawing.Bitmap.
</summary>
</member>
<member name="P:ProgRND.My.Resources.Resources.close">
<summary>
  Looks up a localized resource of type System.Drawing.Bitmap.
</summary>
</member>
<member name="P:ProgRND.My.Resources.Resources.Cube_1s_200px">
<summary>
  Looks up a localized resource of type System.Drawing.Bitmap.
</summary>
</member>
<member name="P:ProgRND.My.Resources.Resources.Home">
<summary>
  Looks up a localized resource of type System.Drawing.Bitmap.
</summary>
</member>
<member name="P:ProgRND.My.Resources.Resources.Home1">
<summary>
  Looks up a localized resource of type System.Drawing.Bitmap.
</summary>
</member>
<member name="P:ProgRND.My.Resources.Resources.Home2">
<summary>
  Looks up a localized resource of type System.Drawing.Bitmap.
</summary>
</member>
<member name="P:ProgRND.My.Resources.Resources.icons8_access_30">
<summary>
  Looks up a localized resource of type System.Drawing.Bitmap.
</summary>
</member>
<member name="P:ProgRND.My.Resources.Resources.icons8_browse_folder_20">
<summary>
  Looks up a localized resource of type System.Drawing.Bitmap.
</summary>
</member>
<member name="P:ProgRND.My.Resources.Resources.icons8_cancel_60">
<summary>
  Looks up a localized resource of type System.Drawing.Bitmap.
</summary>
</member>
<member name="P:ProgRND.My.Resources.Resources.icons8_close_20">
<summary>
  Looks up a localized resource of type System.Drawing.Bitmap.
</summary>
</member>
<member name="P:ProgRND.My.Resources.Resources.icons8_close_25">
<summary>
  Looks up a localized resource of type System.Drawing.Bitmap.
</summary>
</member>
<member name="P:ProgRND.My.Resources.Resources.icons8_close_30">
<summary>
  Looks up a localized resource of type System.Drawing.Bitmap.
</summary>
</member>
<member name="P:ProgRND.My.Resources.Resources.icons8_close_301">
<summary>
  Looks up a localized resource of type System.Drawing.Bitmap.
</summary>
</member>
<member name="P:ProgRND.My.Resources.Resources.icons8_delete_30">
<summary>
  Looks up a localized resource of type System.Drawing.Bitmap.
</summary>
</member>
<member name="P:ProgRND.My.Resources.Resources.icons8_delete_301">
<summary>
  Looks up a localized resource of type System.Drawing.Bitmap.
</summary>
</member>
<member name="P:ProgRND.My.Resources.Resources.icons8_delete_file_20">
<summary>
  Looks up a localized resource of type System.Drawing.Bitmap.
</summary>
</member>
<member name="P:ProgRND.My.Resources.Resources.icons8_delete_file_25">
<summary>
  Looks up a localized resource of type System.Drawing.Bitmap.
</summary>
</member>
<member name="P:ProgRND.My.Resources.Resources.icons8_done_60">
<summary>
  Looks up a localized resource of type System.Drawing.Bitmap.
</summary>
</member>
<member name="P:ProgRND.My.Resources.Resources.icons8_downloads_folder_25">
<summary>
  Looks up a localized resource of type System.Drawing.Bitmap.
</summary>
</member>
<member name="P:ProgRND.My.Resources.Resources.icons8_exclamation_mark_100">
<summary>
  Looks up a localized resource of type System.Drawing.Bitmap.
</summary>
</member>
<member name="P:ProgRND.My.Resources.Resources.icons8_ftp_40">
<summary>
  Looks up a localized resource of type System.Drawing.Bitmap.
</summary>
</member>
<member name="P:ProgRND.My.Resources.Resources.icons8_harddisk_40">
<summary>
  Looks up a localized resource of type System.Drawing.Bitmap.
</summary>
</member>
<member name="P:ProgRND.My.Resources.Resources.icons8_home_30">
<summary>
  Looks up a localized resource of type System.Drawing.Bitmap.
</summary>
</member>
<member name="P:ProgRND.My.Resources.Resources.icons8_home_35">
<summary>
  Looks up a localized resource of type System.Drawing.Bitmap.
</summary>
</member>
<member name="P:ProgRND.My.Resources.Resources.icons8_ipv6_40">
<summary>
  Looks up a localized resource of type System.Drawing.Bitmap.
</summary>
</member>
<member name="P:ProgRND.My.Resources.Resources.icons8_load_25">
<summary>
  Looks up a localized resource of type System.Drawing.Bitmap.
</summary>
</member>
<member name="P:ProgRND.My.Resources.Resources.icons8_load_251">
<summary>
  Looks up a localized resource of type System.Drawing.Bitmap.
</summary>
</member>
<member name="P:ProgRND.My.Resources.Resources.icons8_login_25">
<summary>
  Looks up a localized resource of type System.Drawing.Bitmap.
</summary>
</member>
<member name="P:ProgRND.My.Resources.Resources.icons8_login_40">
<summary>
  Looks up a localized resource of type System.Drawing.Bitmap.
</summary>
</member>
<member name="P:ProgRND.My.Resources.Resources.icons8_login_401">
<summary>
  Looks up a localized resource of type System.Drawing.Bitmap.
</summary>
</member>
<member name="P:ProgRND.My.Resources.Resources.icons8_minimize_30">
<summary>
  Looks up a localized resource of type System.Drawing.Bitmap.
</summary>
</member>
<member name="P:ProgRND.My.Resources.Resources.icons8_minimize_30__1_">
<summary>
  Looks up a localized resource of type System.Drawing.Bitmap.
</summary>
</member>
<member name="P:ProgRND.My.Resources.Resources.icons8_no_synchronize_60">
<summary>
  Looks up a localized resource of type System.Drawing.Bitmap.
</summary>
</member>
<member name="P:ProgRND.My.Resources.Resources.icons8_program_40">
<summary>
  Looks up a localized resource of type System.Drawing.Bitmap.
</summary>
</member>
<member name="P:ProgRND.My.Resources.Resources.icons8_question_mark_100">
<summary>
  Looks up a localized resource of type System.Drawing.Bitmap.
</summary>
</member>
<member name="P:ProgRND.My.Resources.Resources.icons8_question_mark_100__1_">
<summary>
  Looks up a localized resource of type System.Drawing.Bitmap.
</summary>
</member>
<member name="P:ProgRND.My.Resources.Resources.icons8_question_mark_100__1_1">
<summary>
  Looks up a localized resource of type System.Drawing.Bitmap.
</summary>
</member>
<member name="P:ProgRND.My.Resources.Resources.icons8_question_mark_1001">
<summary>
  Looks up a localized resource of type System.Drawing.Bitmap.
</summary>
</member>
<member name="P:ProgRND.My.Resources.Resources.icons8_reload_40">
<summary>
  Looks up a localized resource of type System.Drawing.Bitmap.
</summary>
</member>
<member name="P:ProgRND.My.Resources.Resources.icons8_speed_30">
<summary>
  Looks up a localized resource of type System.Drawing.Bitmap.
</summary>
</member>
<member name="P:ProgRND.My.Resources.Resources.icons8_sql_30">
<summary>
  Looks up a localized resource of type System.Drawing.Bitmap.
</summary>
</member>
<member name="P:ProgRND.My.Resources.Resources.icons8_sql_301">
<summary>
  Looks up a localized resource of type System.Drawing.Bitmap.
</summary>
</member>
<member name="P:ProgRND.My.Resources.Resources.icons8_sql_40">
<summary>
  Looks up a localized resource of type System.Drawing.Bitmap.
</summary>
</member>
<member name="P:ProgRND.My.Resources.Resources.icons8_sql_64">
<summary>
  Looks up a localized resource of type System.Drawing.Bitmap.
</summary>
</member>
<member name="P:ProgRND.My.Resources.Resources.icons8_store_60">
<summary>
  Looks up a localized resource of type System.Drawing.Bitmap.
</summary>
</member>
<member name="P:ProgRND.My.Resources.Resources.icons8_success_100">
<summary>
  Looks up a localized resource of type System.Drawing.Bitmap.
</summary>
</member>
<member name="P:ProgRND.My.Resources.Resources.icons8_tools_40">
<summary>
  Looks up a localized resource of type System.Drawing.Bitmap.
</summary>
</member>
<member name="P:ProgRND.My.Resources.Resources.icons8_upload_26">
<summary>
  Looks up a localized resource of type System.Drawing.Bitmap.
</summary>
</member>
<member name="P:ProgRND.My.Resources.Resources.icons8_upload_to_the_cloud_30">
<summary>
  Looks up a localized resource of type System.Drawing.Bitmap.
</summary>
</member>
<member name="P:ProgRND.My.Resources.Resources.icons8_x_100">
<summary>
  Looks up a localized resource of type System.Drawing.Bitmap.
</summary>
</member>
<member name="P:ProgRND.My.Resources.Resources.indomaret">
<summary>
  Looks up a localized resource of type System.Drawing.Bitmap.
</summary>
</member>
<member name="P:ProgRND.My.Resources.Resources.login">
<summary>
  Looks up a localized resource of type System.Drawing.Bitmap.
</summary>
</member>
<member name="P:ProgRND.My.Resources.Resources.Secure_login">
<summary>
  Looks up a localized resource of type System.Drawing.Bitmap.
</summary>
</member>
</members>
</doc>
